WordID	Word	Part of Speech	Definition	Entry Types	Usage Tags	Topic Tags	Discovery Tags
6991	preconceived notions	plural noun phrase	Ideas or opinions formed in advance, before enough evidence or direct experience is available.	noun phrase		psychology	subjective judgment | lack of knowledge
6992	wash over someone vs. overcome by vs. overwhelmed by	usage contrast	Three ways to describe strong feelings: a feeling can wash over someone as it spreads through them; someone can be overcome by a feeling when it takes control; someone can be overwhelmed by a feeling when its intensity is too much to handle.	contrast set | construction	figurative	communication | language learning	contrast | emotional intensity | literal vs figurative
6993	catheter	noun	A thin flexible tube inserted into the body to drain fluid, deliver medication, or provide access to a vessel or organ.	word | term	technical | specialist	medicine | anatomy	specialist knowledge | specialist register
6994	middle dot / interpunct / centered dot	noun / terminology contrast	Names for a small dot placed at midline height, such as ·. Interpunct is the typographic term; middle dot and centered dot are descriptive names.	contrast set | term	technical	language learning | technology	terminology | contrast | specialist knowledge
6995	proprietary complex	noun phrase	A blend or formulation whose composition, proportions, method, or branding is controlled by a company and is not presented as a generic standard formula.	noun phrase | term	technical | businesslike	business | science	terminology | professional context
6996	used to do vs. would do	grammar contrast	Both can describe repeated past habits, but used to can also describe past states; would normally needs an established past-time context and is generally not used for states in the same way.	contrast set | verb pattern | construction		grammar | language learning	contrast | clarification
6997	stoppage	noun	An interruption or halt in an activity, process, work, or movement.	word		work | transportation	process details
6998	stoner	noun (informal)	A person who regularly uses marijuana, especially one stereotypically associated with a laid-back or intoxicated lifestyle.	slang expression | word	informal | slang | North American English	culture	social approval
6999	IYKYK	internet initialism	Short for 'if you know, you know,' used when a reference, experience, or joke is expected to make sense mainly to people already familiar with it.	initialism | internet term	internet slang | informal	internet | social media	social trust
7000	himbo	noun (slang)	A conventionally attractive man portrayed as kind, lovable, and not especially intelligent or sophisticated.	slang expression | internet term | word	slang | informal | playful	internet | culture	social approval | subjective judgment
7001	consortium	noun	An association of companies, organizations, institutions, or people formed to cooperate on a shared project or objective.	word	formal | professional	business | work	professional context
7002	scabies	noun	A contagious skin infestation caused by tiny mites that burrow into the skin, typically causing intense itching and a rash.	word | term	scientific | specialist	health | medicine	specialist knowledge | specialist register
7003	ration	noun; verb	A fixed or limited amount of something allocated to a person or group; as a verb, to limit or distribute something according to such allowances.	polysemy set | word		planning	resource allocation | constraints
7004	typhus	noun	A group of infectious diseases caused by Rickettsia-related bacteria and spread by vectors such as lice, fleas, or mites, typically involving fever and rash.	word | term	scientific | specialist	health | medicine	specialist knowledge | specialist register
7005	perish / perished	verb	To die or be destroyed, especially violently, suddenly, or because of harsh conditions.	form family | word	formal | literary		emotional intensity
7006	forgery	noun	The act or crime of making a false copy, signature, document, artwork, or other item in order to deceive; also the fake item itself.	polysemy set | word	legalistic	law | crime | art	evidence | risk
7007	in high school vs. at high school	usage contrast	In American English, in high school normally means enrolled in and attending high school; at high school can refer more literally to being at the school location and is also more natural in some other varieties of English.	contrast set | construction	American English | British English	grammar | education	contrast | terminology
7008	hear someone do / doing vs. hear that someone did	grammar contrast	Hear + object + bare infinitive presents an event as a whole; hear + object + -ing focuses on the event in progress; hear that + clause reports information rather than direct perception.	contrast set | verb pattern | construction		grammar | language learning	contrast | perception
7009	be in a hurry to do / be in a hurry + -ing	usage / grammar	To need or want to do something quickly. The normal pattern is be in a hurry to + verb; an -ing clause can follow when it describes the rushed activity, but forms such as *I'm hurry* are incorrect.	contrast set | verb pattern | construction		grammar | language learning	contrast | clarification
7010	less-than sign vs. angle bracket	terminology contrast	The symbol < is a less-than sign in mathematics and comparison expressions; the same shape can be called an opening/left angle bracket when it functions as a delimiter in markup, notation, or typography.	contrast set | term	technical	mathematics | technology	terminology | contrast
7011	insignia	noun	A badge, emblem, mark, or distinctive symbol that indicates rank, membership, office, organization, or identity.	word	formal | military	military | culture	specialist register
7012	mechanistic vs. mechanical	adjective contrast	Mechanistic explains something as if it operates through fixed causal mechanisms, often reducing a complex process to machine-like parts; mechanical more directly means relating to machines or done automatically without thought.	contrast set | word	academic | technical	science | philosophy	contrast | terminology
7013	succulent	adjective; noun	Juicy, tender, or rich in moisture; as a noun, a plant with thick fleshy leaves or stems that store water.	polysemy set | word		food | biology	contrast
7014	dart out	phrasal verb	To move or rush out suddenly and quickly, often in an unexpected direction.	phrasal verb		everyday life	emphasis
7015	slam on the brakes	verb phrase	To apply a vehicle's brakes suddenly and forcefully.	collocation | verb pattern	informal	automotive | transportation	emphasis | warning
7016	make a U-turn	verb phrase	To turn a vehicle around in roughly the shape of the letter U so that it travels in the opposite direction.	collocation | verb pattern		automotive | transportation	procedural language
7017	concord / in concord vs. in harmony	noun / usage contrast	Concord means agreement, harmony, or peaceful relations. In concord (with) is formal and relatively uncommon; in harmony with is more natural in everyday English for things that agree or fit well together.	contrast set | word	formal	communication	agreement | contrast
7018	homestead	noun; verb	A home and the land around it, especially a farm or property established and occupied by a family; historically, land settled under homesteading laws.	polysemy set | word	formal	history | agriculture	specialist knowledge
7019	at odds with	prepositional phrase	In disagreement or conflict with someone or something; inconsistent with something.	prepositional phrase | idiom		communication	disagreement | contrast
7020	grandiose	adjective	Impressively large or ambitious in a way that is often excessive, unrealistic, self-important, or showy.	word	critical | evaluative	psychology	criticism | subjective judgment
7021	snitch on someone vs. tip someone off	usage contrast	To snitch on someone is to report their wrongdoing to an authority or other person; to tip someone off is to secretly give them advance information or a warning.	contrast set | phrasal verb	informal	communication | crime	contrast | betrayal | warning
7022	Augean / the Augean Stables	adjective; idiom	Augean describes an extremely dirty, corrupt, or difficult-to-clean situation; the Augean Stables are the mythic filthy stables cleaned by Hercules and figuratively a deeply entrenched mess requiring enormous cleanup.	form family | idiom	literary | figurative	literature | history	origin/etymology | figurative extension | excessive emotion
7023	repeal a ban on something	verb phrase	To officially cancel a legal prohibition on an activity or thing.	collocation | verb pattern	formal | legalistic	law | government | politics	policy discussion | removal
7024	HOA (homeowners association)	noun	An organization in a residential community that manages shared property and enforces community rules, usually funded by homeowner fees.	abbreviation | term	North American English | professional	law | government	terminology | professional context
7025	bump a version / build / dependency / cache token	verb (technical, informal)	To increment or change a version-like value so software, dependencies, builds, or caches treat something as a newer revision.	collocation | verb pattern	technical | informal	technology	minor adjustment | iteration | implementation
7026	minced oath	noun	A softened or altered expression used in place of a stronger swear word, often by changing its sounds while preserving the emotional function.	noun phrase | term	informal	linguistics | culture	terminology | emotional intensity | origin/etymology
7027	obdurate	adjective	Stubbornly refusing to change one's opinion, attitude, or course of action, especially despite persuasion or moral pressure.	word	formal | literary	psychology	nonconformity | determination
7028	arduous	adjective	Requiring a great deal of effort, endurance, or sustained difficulty.	word	formal		maximum effort
7029	wail / wailing	noun; adjective; present participle	To cry or make a long, loud, mournful sound; wailing is the act or sound of doing so, and can also describe a sustained high-pitched sound such as a siren.	form family | word	literary	communication	emotional intensity
7030	taunt	verb; noun	To provoke, mock, or insult someone deliberately, often by making cruel or challenging remarks; also such a remark or action.	polysemy set | word	critical	communication	criticism | emotional intensity
7031	catch up on something	phrasal verb	To do, read, watch, learn, or complete something that you have fallen behind on or not had time for.	phrasal verb		work | language learning	continuity | process details
7032	contingent	adjective; noun	As an adjective, dependent on a condition or uncertain event; as a noun, a group of people representing or belonging to a larger body.	polysemy set | word	formal	planning | work	possibility | constraints
7033	on no account	adverbial phrase	Under no circumstances; absolutely not.	adverbial phrase | fixed expression	formal		emphasis | boundary-setting
7034	take action on something	verb phrase	To do something concrete in response to an issue, report, request, or information.	collocation | verb pattern	professional	work | planning	call to action | implementation
7035	well-off	adjective	Having enough money to live comfortably; financially prosperous.	adjective phrase		finance | everyday life	evaluation
7036	bow down	phrasal verb	To lower one's body or head in respect or submission; figuratively, to submit to someone's authority or superiority.	phrasal verb	figurative	culture | religion	literal vs figurative | social approval
7037	vocation	noun	A type of work or occupation, especially one felt to be a strong calling or particularly suited to a person's abilities and values.	word	formal	work | education	professional context | strong desire
7038	blow up / blew up (become popular)	phrasal verb (informal)	To suddenly become very popular, widely noticed, or rapidly successful, especially online or in entertainment.	phrasal verb | slang expression	informal | figurative	internet | entertainment	figurative extension | promotion
7039	lymph node	noun	A small bean-shaped structure in the lymphatic system that filters lymph and helps coordinate immune responses.	noun phrase | term	scientific | specialist	anatomy | medicine	specialist knowledge | specialist register
7040	sweat gland	noun	A gland in the skin that produces sweat, helping with temperature regulation and other skin functions.	noun phrase | term	scientific | specialist	anatomy | biology	specialist knowledge | specialist register
7041	salivary gland	noun	A gland that produces saliva and releases it into the mouth.	noun phrase | term	scientific | specialist	anatomy | biology	specialist knowledge | specialist register
7042	thyroid gland	noun	A butterfly-shaped endocrine gland in the neck that produces hormones involved in metabolism, growth, and energy regulation.	noun phrase | term	scientific | specialist	anatomy | medicine	specialist knowledge | specialist register
7043	collegiate	adjective	Relating to a college or colleges, especially college-level education, institutions, or sports.	word	formal	education | sports	terminology
7044	valency	noun	The combining or relational capacity of an element; in linguistics, the number and type of arguments a word—especially a verb—can take; in chemistry, the combining capacity of an atom.	polysemy set | word | term	technical | academic	linguistics | chemistry	specialist knowledge | specialist register | terminology
7045	solvent	noun; adjective	As a noun, a liquid or other substance that dissolves another substance; as an adjective, financially able to pay debts.	polysemy set | word	technical | formal	chemistry | finance	contrast | specialist knowledge
7046	kennel	noun; verb	A shelter, enclosure, or facility for keeping dogs; as a verb, to place or keep a dog in such a facility.	polysemy set | word		animals	terminology
7047	rose-colored glasses	idiom	An unrealistically optimistic way of seeing a person, situation, or the past, emphasizing positives and overlooking problems.	idiom	figurative	psychology	figurative extension | subjective judgment
7048	demeanor	noun	A person's outward behavior, manner, or appearance, especially the impression created by how they act.	word	formal	psychology | communication	impression
7049	moldy / have mold on / be covered in mold	adjective / usage contrast	Moldy means affected by or covered with mold; have mold on it states the presence of mold more neutrally; be covered in mold emphasizes a large visible amount.	contrast set | adjective phrase		health | everyday life	contrast | clarification
7050	concessive	adjective; noun (grammar)	Expressing a contrast in which one fact is acknowledged but does not prevent the main statement from being true.	word | term	academic | formal	grammar | linguistics	specialist knowledge | specialist register | terminology
7051	construal	noun	A particular way of interpreting, representing, or mentally framing something.	word | term	formal | technical | academic	linguistics | psychology | philosophy	specialist knowledge | specialist register | subjective judgment
7052	gas up	phrasal verb (mainly US)	To fill a vehicle or machine with gasoline or other fuel.	phrasal verb	North American English | informal	automotive | transportation	procedural language
7053	oviduct	noun	A tube that carries an egg from an ovary toward the uterus or another reproductive structure; in humans, a fallopian tube.	word | term	scientific | specialist	anatomy | biology	specialist knowledge | specialist register
7054	undertaking	noun	A task, project, or piece of work that is accepted and carried out, often one that is substantial or demanding.	polysemy set | word	formal | professional	work | law	professional context | commitment
7055	foreground	noun; verb	The part of a scene nearest the viewer; as a verb, to make something especially prominent, visible, or important.	polysemy set | word	academic | technical | figurative	media | technology | communication	literal vs figurative | emphasis
7056	take hold	verb phrase	To begin to have a strong effect, become established, or gain control; literally, to obtain a firm grip.	verb pattern | fixed expression	figurative	communication	figurative extension | continuity
7057	at the first sign of	prepositional phrase	As soon as the earliest indication of something appears.	prepositional phrase | fixed expression		planning	warning | prevention | early stage
7058	shout-out / give a shout-out to someone	noun; verb phrase (informal)	A public expression of thanks, praise, recognition, or greeting; to give such recognition to someone.	form family | noun phrase | verb pattern	informal | conversational	social media | communication	social approval | audience engagement
7059	earthenware / earthenware pottery	noun; adjective	Pottery made from clay fired at relatively low temperatures, usually remaining more porous than stoneware or porcelain unless glazed.	form family | term	technical	art | culture	specialist knowledge | terminology
7060	dogū / clay figurine	noun	A small prehistoric Japanese clay figurine, especially one made during the Jōmon period; in general English it can be described as a clay or earthenware figurine.	term | noun phrase	specialist	history | art | culture	specialist knowledge | specialist register | terminology
7061	diff	noun; verb (computing, informal)	A comparison showing differences between two versions of text, files, or data; as a verb, to compare versions and display those changes.	polysemy set | word | term	technical | informal	technology	specialist knowledge | process details
7062	author	noun; verb	A person who writes or creates a work; as a verb, to write, create, or formally produce a document, book, specification, policy, or other work.	polysemy set | word	formal | professional	literature | work	professional context
7063	be made redundant	verb phrase (BrE)	To lose one's job because the position is no longer needed, often because of restructuring, closure, or reduced staffing rather than personal misconduct.	verb pattern | fixed expression	British English | professional	work | workplace	professional context | terminology
7064	straightaway	adverb	Immediately; without delay.	word	British English		terminology
7065	despite + noun / despite the fact that + clause	grammar pattern	Despite is a preposition: it normally takes a noun phrase or -ing form, not a finite clause directly. To introduce a full clause, use despite the fact that.	contrast set | construction | verb pattern		grammar | language learning	contrast | clarification
7066	pass something over to someone / hand something over to someone	phrasal verb contrast	To transfer an object, information, topic, task, or responsibility to another person; hand over is especially common for responsibility or control, while pass over can describe physically or conversationally passing something along.	contrast set | phrasal verb		communication | work	contrast | professional context
7067	medieval / the Middle Ages	adjective; proper noun phrase	Medieval means relating to the Middle Ages, the historical period in Europe conventionally placed between antiquity and the early modern era.	contrast set | form family	academic	history	terminology | contrast
7068	Belize	proper noun	A country on the Caribbean coast of Central America, bordered by Mexico and Guatemala, with Belmopan as its capital.	proper noun		geography	specialist knowledge
7069	-nomy	combining form / suffix	A combining form appearing in words about systems of rules, arrangement, management, classification, or fields of organized knowledge.	term | construction	technical | academic	linguistics | language learning	origin/etymology | terminology
7070	home equity	noun	The portion of a home's value that the owner effectively owns: the property's current market value minus outstanding debt secured by it.	noun phrase | term	professional	finance | economics	specialist knowledge | specialist register
7071	polysemy	noun	The condition in which one word or expression has multiple related meanings.	word | term	technical | academic	linguistics	specialist knowledge | specialist register | terminology
7072	pitch a fit	verb phrase (informal)	To react with an angry, dramatic outburst or tantrum.	idiom | verb pattern	informal | critical	communication	emotional intensity | criticism
7073	blow something to smithereens	verb phrase	To destroy something explosively or violently into extremely small pieces.	idiom | verb pattern	figurative | informal	military	emotional intensity | figurative extension
7074	with no trace left / leave no trace	phrase	With nothing remaining that can be seen, found, or used as evidence; to disappear or remove something completely.	contrast set | fixed expression		communication	contrast | removal
7075	be born yesterday / I wasn't born yesterday	idiom	To be extremely naive or inexperienced; the common negative form 'I wasn't born yesterday' means 'I'm not so naive that I will believe that.'	idiom | sentence pattern	informal | rhetorical | skeptical	communication	figurative extension | lack of knowledge
7076	don't bother doing / then don't bother asking	verb construction	Used to tell someone not to make the effort to do something because it is pointless, unwelcome, unnecessary, or too late.	construction | verb pattern	informal | critical	communication	boundary-setting | criticism
7077	deep doo-doo	noun phrase (slang)	Serious trouble or a difficult situation.	slang expression | noun phrase	slang | informal | humorous	communication	risk | emotional intensity
7078	crud	noun (informal)	Dirt, grime, residue, or unpleasant material; informally, worthless or poor-quality stuff, nonsense, or a mild exclamation.	polysemy set | slang expression | word	informal | slang	everyday life	literal vs figurative | evaluation
7079	squeeze someone for something	verb phrase (informal)	To pressure someone strongly in order to obtain money, information, a concession, or some other thing from them.	verb pattern | fixed expression	informal | figurative	communication | business	negotiation | resource allocation | figurative extension
7080	longitudinal	adjective	Running lengthwise; or, in research, following the same subjects or phenomenon over an extended period of time.	polysemy set | word | term	academic | technical	research | science	specialist knowledge | specialist register | contrast
7081	interoperability	noun	The ability of different systems, devices, programs, or organizations to work together and exchange or use information effectively.	word | term	technical | professional	technology | engineering	specialist knowledge | specialist register | implementation
7082	frigid	adjective	Extremely cold; figuratively, emotionally cold or unwelcoming.	polysemy set | word	figurative | dated	weather | psychology	literal vs figurative | impression
7083	carouse	verb	To drink alcohol and celebrate noisily or exuberantly, especially for an extended time.	word	literary | dated	culture	specialist register
7084	kalis	noun	A Filipino double-edged sword related to the Southeast Asian kris or keris, often with a partly or fully wavy blade.	word | term	specialist	culture | military	specialist knowledge | specialist register | terminology
7085	red-eye flight / take the red-eye	noun; verb phrase (informal)	An overnight flight that departs late at night and arrives the following morning, often leaving passengers with little normal sleep.	form family | noun phrase | verb pattern	informal | North American English	travel | aviation	terminology | practical details
7086	misnomer	noun	A name or term that is inaccurate, misleading, or inappropriate for the thing it describes.	word	formal	communication	terminology | evaluation
7087	to a T / down to a T	idiom	Exactly, perfectly, or in every detail; 'have something down to a T' means to have mastered or organized it very precisely.	idiom	informal	communication	evaluation | emphasis
7088	run one's mouth	verb phrase (informal)	To talk too much, especially boastfully, disrespectfully, recklessly, or about things one should keep quiet.	idiom | verb pattern	informal | critical	communication	criticism | emotional intensity
7089	egress	noun; verb (formal/technical)	The act, route, or means of going out or leaving a place; in computing, data or traffic leaving a system or network.	polysemy set | word | term	formal | technical	architecture | technology	specialist knowledge | specialist register | literal vs figurative
7090	integer (complete entity sense)	noun (rare/formal non-mathematical sense)	A complete, undivided whole or self-contained entity; an older/formal sense related to the Latin idea of something whole, intact, or untouched.	polysemy set | word	formal | literary | dated	mathematics | philosophy	origin/etymology | literal vs figurative | specialist knowledge
7091	sliding scale	noun	A system in which a price, rate, benefit, requirement, or other amount changes according to another variable such as income, usage, or need.	noun phrase | term	professional	finance | economics	resource allocation | flexibility
7092	migration manifest / manifest (technical noun)	noun phrase (technical)	A structured inventory or record describing what is included in a data or system migration, often including identities, versions, counts, hashes, status, or other metadata needed to verify the move.	noun phrase | term	technical | professional	technology	process details | evidence | implementation
7093	snuff out / snuff someone out	phrasal verb	To extinguish something such as a flame; figuratively, to end, suppress, or destroy something, and in violent slang to kill someone.	polysemy set | phrasal verb	figurative | slang	communication	literal vs figurative | removal | emotional intensity
7094	open-ended	adjective	Not limited to a fixed set of answers, a definite end point, or a predetermined duration or outcome.	word	formal	communication | planning	flexibility | constraints
7095	peruse	verb	To read, examine, or look through something, traditionally with careful attention; in modern use it can also mean browse or look over.	word	formal	literature | communication	ambiguity
7096	come full circle / full circle	idiom	To return to a situation, idea, position, or condition similar to the starting point after a series of changes or developments.	idiom	figurative	communication	continuity | transition
7097	bootstrap paradox	noun	A time-travel paradox in which information or an object exists in a causal loop with no clear point of origin because it is passed from the future to the past and back again.	noun phrase | term	technical | academic	science | philosophy	specialist knowledge | specialist register | cause and effect
7098	ham-fisted	adjective (informal)	Clumsy, awkward, heavy-handed, or lacking skill and sensitivity.	word	informal | critical	communication	criticism | incompetence
7099	metamorphosis	noun	A major transformation in form, character, condition, or appearance; in biology, a developmental change such as a caterpillar becoming a butterfly.	word | term	scientific | formal	biology | science	specialist knowledge | figurative extension
7100	contingency / contingency plan	noun / noun phrase	A possible future event or condition, especially one that may cause problems; a contingency plan is a prepared alternative course of action for such a possibility.	form family | noun phrase	formal | professional	planning | business	risk | possibility | prevention
7101	famous last words	idiom (often ironic)	A remark quoted ironically after events prove it overconfident, premature, or badly wrong.	idiom | discourse expression	informal | ironic	communication	warning | risk | figurative extension
7102	no-op / noop	noun; adjective (computing)	An operation that intentionally does nothing or has no observable effect, often used as a placeholder, safe fallback, or way to preserve an interface.	term | word	technical	technology	specialist knowledge | specialist register | implementation
7103	account for X percent of Y	academic/data phrase	To constitute, represent, or make up a stated proportion of a total.	construction | verb pattern	academic | presentation-friendly	research | presentations	presentation language | process details
7104	show the breakdown of	data-description phrase	To display how a total is divided into categories, components, or shares.	collocation | verb pattern	academic | presentation-friendly	research | presentations	presentation language | process details
7105	catch up to / catch up with someone	phrasal verb / usage contrast	To reach the same position, level, or progress as someone or something that was ahead; catch up with can also mean meet and exchange news.	contrast set | phrasal verb		communication	contrast | continuity
7106	cutover	noun; adjective (technical/business)	The planned transition from an old system, process, environment, or method to a new one, especially the point or period when the new one becomes authoritative.	word | term	technical | businesslike | professional	technology | business	transition | implementation | professional context
7107	that's X for you	pragmatic construction (informal)	Used to say that a behavior or situation is typical or characteristic of a person, group, thing, or system, often with irony, resignation, or mild criticism.	construction | sentence pattern | discourse expression	informal | conversational | ironic	communication	subjective judgment | social approval | criticism
7108	closet perv	noun phrase (slang, derogatory)	A crude label for someone alleged to hide sexually perverted or inappropriate interests behind an outwardly ordinary appearance.	slang expression | noun phrase	slang | informal | derogatory | offensive	communication	social approval | criticism
7109	only told me ... yesterday	pragmatic / focus construction	A construction in which only emphasizes how recently or late someone provided information, often implying that the speaker had little time to act.	construction | sentence pattern	conversational	grammar | communication	emphasis | clarification | complaint
7110	preflight	noun; adjective; verb	A check or preparation performed before a flight; by extension, a validation step carried out before a deployment, operation, export, or other important action.	polysemy set | word | term	technical | professional	aviation | technology	prevention | procedural language | implementation
